{"cameraMode":{"drawMode":0,"name":"Shaded","section":"Shading Mode"},"sceneLighting":true,"audioPlay":false,"sceneViewState":{"showFog":true,"showMaterialUpdate":false,"showSkybox":true,"showFlares":true,"showImageEffects":true,"showParticleSystems":true},"in2DMode":false,"pivot":{"x":29.788484573364259,"y":9.251297950744629,"z":-0.8811836242675781},"rotation":{"x":-0.01670187897980213,"y":-0.8712846040725708,"z":0.031589679419994357,"w":-0.4900515675544739},"size":25.279987335205079,"orthographic":false}